[[],[],[],[["_yhrh8g3","Days Left",["product"],"const date = new Date(product.expirationDate).getTime();\nreturn Math.ceil((date - Date.now()) / (1000 * 3600 * 24));"],["_oo8s1kr","Toggle Product",[],"if ($.currentProduct === $.product.name) {\n  $.currentProduct = '';\n  return;\n}\n\n$.currentProduct = $.product.name;"],["_s2845g8","Go To History",[],"$.goto('/history');"],["_zkpi09h","Scan",[],"$.goto('/scan');"],["_5w1s8sj","Remove Product",["status"],"$.history.push({\n  ...$.product,\n  status,\n  removedDate: Date.now()\n});\n\n$.products.splice($.products.findIndex(product => product.name === $.product.name), 1);"],["_zguyve7","Use Product",[],"$.removeProduct('used');"],["_yfohwu3","Throw Product",[],"$.removeProduct('thrown');"]],[["_lllgwdj","Current Product",[0],""]],["_ml4x0ut","Products Page",0,[],["Color Theme"],[["display","flex"],["flex-flow","column nowrap"],["gap","28px"],["background-color","var(--background-color)"],["padding","28px 28px 90px 28px"]],{"width":412,"height":915,"background":"None"},"",[["_quy7m37","Navigation",1,[],[],[["position","absolute"],["bottom","0px"],["left","0px"],["width","100%"],["height","70px"],["border-top","1px solid gray"],["display","flex"],["flex-flow","row nowrap"],["justify-content","space-around"],["align-items","center"],["background-color","white"]],{},"",[["_zj56mgy","Products Icon",4,[],[],[["display","block"],["width","50px"],["height","50px"],["cursor","pointer"]],{"asset":"Icon Products"},"",[]],["_b5qugqn","Scan Button Container",1,[["Event","click","Scan"]],[],[["position","relative"],["bottom","25px"],["width","70px"],["height","70px"],["display","grid"],["place-items","center"],["border-radius","50%"],["background-color","#346559"],["cursor","pointer"]],{},"",[["_finwzdb","Scan Icon",4,[],[],[["display","block"],["width","40px"],["height","40px"]],{"asset":"Icon Scan"},"",[]]]],["_obn12o1","History Icon",4,[["Event","click","Go To History"]],[],[["display","block"],["width","50px"],["height","50px"],["cursor","pointer"]],{"asset":"Icon History"},"",[]]]],["_4gnu4r7","Page Title",1,[],[],[["font-size","20px"],["color","var(--main-color)"],["font-weight","600"]],{},"Products",[]],["_xf9w92v","Products List",1,[],[],[["display","flex"],["flex-flow","column nowrap"],["gap","16px"]],{},"",[["_c4pzagn","Each",7,[],[],[],{"previewCount":1,"item":"product","array":"$.products"},"",[["_tts4ej1","Product Container",1,[],[],[["display","flex"],["flex-direction","column"],["background-color","white"],["border-radius","5px"],["box-shadow","0 0 8px 0 rgba(0, 0, 0, 0.07)"],["cursor","pointer"]],{},"",[["_9s18wkb","Product",3,[["Event","click","Toggle Product"]],[],[["padding","5px 20px"],["display","flex"],["flex-direction","row"],["min-height","88px"],["justify-content","space-between"],["align-items","center"]],{},"",[["_mqhhsnj","Product Info",1,[],[],[["display","flex"],["flex-flow","row nowrap"],["align-items","center"],["gap","10px"]],{},"",[["_fsbiyj9","Image",1,[["Style","background-image","`url('${$.product.image}')`"]],[],[["width","57px"],["height","56px"],["background-repeat","no-repeat"],["background-size","contain"],["background-position","center"]],{},"",[]],["_ui4lmxg","Product Title",1,[],[],[["flex-direction","column"],["text-overflow","ellipsis"]],{},"",[["_f1a1hjo","Title",3,[],[],[["color","var(--main-color)"],["font-weight","600"],["font-stretch","normal"],["font-style","normal"],["line-height","normal"],["letter-spacing","normal"],["text-align","left"],["text-overflow","ellipsis"],["margin","0px"]],{},"${ $.product.name }",[]],["_mehi83j","Price",1,[],[],[["color","#9f9f9f"],["font-weight","600"],["font-size","11px"],["font-weight","normal"],["font-stretch","normal"],["font-style","normal"],["line-height","normal"],["letter-spacing","normal"],["text-align","left"],["padding-top","2px"]],{},"${ $.product.price } лв.",[]]]]]],["_n6yu3u9","Expiration Date",1,[],[],[["color","#eb574c"],["font-size","12px"],["font-weight","bold"],["font-stretch","normal"],["font-style","normal"],["line-height","normal"],["letter-spacing","normal"],["text-align","left"]],{},"${ $.daysLeft($.product) } days left",[]]]],["_fqpf8v4","Buttons",1,[["Style","height","$.currentProduct === $.product.name ? '60px' : '0px'"]],[],[["height","60px"],["transition","0.3s"],["display","flex"],["flex-flow","row nowrap"],["justify-content","space-between"],["overflow","hidden"]],{},"",[["_nojp0ow","Used",1,[["Event","click","Use Product"]],[],[["display","flex"],["align-items","center"],["gap","30px"],["flex-direction","row nowrap"],["padding","10px 20px"],["background-color","#41a858"],["border-radius","8px"],["color","white"],["width","40vw"],["font-weight","normal"],["font-stretch","normal"],["font-style","normal"],["line-height","normal"],["letter-spacing","normal"],["text-align","left"],["margin","8px"]],{},"",[["_gfv0kyk","Used Icon",4,[],[],[["width","16px"],["height","12px"]],{"asset":"Icon Use"},"",[]],["_28vl7zt","Used Text",3,[],[],[],{},"Use",[]]]],["_8ko5j6k","Thrown",1,[["Event","click","Throw Product"]],[],[["display","flex"],["align-items","center"],["gap","30px"],["flex-direction","row nowrap"],["padding","10px 20px"],["background-color","#ffffff"],["border-radius","8px"],["color","#eb574c"],["width","40vw"],["font-weight","normal"],["font-stretch","normal"],["font-style","normal"],["line-height","normal"],["letter-spacing","normal"],["text-align","left"],["margin","8px"],["border","1px solid #eb574c"]],{},"",[["_9p1wwhm","Throw Icon",4,[],[],[["width","12px"],["height","14px"]],{"asset":"Icon Delete"},"",[]],["_cbxpbcd","Throw Text",3,[],[],[],{},"Throw",[]]]]]]]]]]]]]]]