[[],[["_j80xweb","Landing Image","image/svg+xml"],["_3takjys","Foody Landing Logo","image/svg+xml"]],[],[["_6vvsgr8","Get Started",[],"$.goto('/register');"],["_youo72y","On Load",[],"if ($.currentAccount.trim().length > 0) $.goto('/products');"]],[],["_zuf5wir","Landing Page",0,[["Event","run","On Load"]],[],[["display","flex"],["flex-direction","column"],["justify-content","space-around"],["align-items","center"]],{"width":412,"height":915,"background":"None"},"",[["_i7ygsoz","Landing Wrap",1,[],[],[["display","flex"],["flex-direction","column"],["align-items","center"],["justify-content","center"],["gap","21px"]],{},"",[["_ciql0k2","Landing Image",4,[],[],[],{"asset":"Landing Image"},"",[]],["_7kd3a8z","Landing Text Wrapper",3,[],[],[["display","flex"],["flex-direction","column"],["align-items","center"],["text-align","center"]],{},"",[["_nhj3ql7","Foody Landing Logo",4,[],[],[],{"asset":"Foody Landing Logo"},"",[]],["_eyhf00q","Landing P",3,[],[],[["max-width","224px"],["font-style","normal"],["font-family","'Roboto'"],["font-weight","300"],["line-height","14px"],["text-align","center"],["color","#f08d5a"]],{},"Decrease the amount of wasted food Help the planet now",[]]]]]],["_we7331l","Redirect",3,[["Event","click","Get Started"]],[],[["display","block"],["text-align","center"],["padding","20px 60px"],["background","#336559"],["border-radius","8px"],["text-decoration","none"],["font-size","19px"],["line-height","17px"],["color","#f6cf7f"],["cursor","pointer"]],{},"Get started",[]]]]]