[[],[],[],[["_m4m6jrc","On Load",[],"function formatDate(date) {\n  let month = (date.getMonth() + 1).toString();\n  let day = date.getDate().toString();\n  let year = date.getFullYear().toString();\n\n  if (month.length < 2) month = '0' + month;\n  if (day.length < 2) day = '0' + day;\n\n  return [year, month, day].join('-');\n}\n\n$.product.image = `https://picsum.photos/id/${Math.ceil(Math.random() * 100)}/250/250`;\n$.product.name = `Product - ${Math.random().toString(36).slice(2, 9)}`;\n$.product.expirationDate = formatDate(new Date());"],["_2nculdf","Close",[],"$.goto('/products');"],["_qk966od","Add",[],"$.products.push({ ...$.product });\n$.close();"]],[["_vosgy9l","Product",[8,"Product"],{"image":"","name":"","expirationDate":"","price":5}]],["_yawtimn","Add Product Page",0,[["Event","run","On Load"]],["Color Theme"],[["display","flex"],["flex-flow","column nowrap"],["align-items","center"],["justify-content","space-between"],["padding","25px 0px"]],{"width":412,"height":915,"background":"None"},"",[["_ly31yho","Product Info",1,[],[],[["display","flex"],["flex-flow","column nowrap"],["align-items","center"],["color","var(--main-color)"]],{},"",[["_ju5z3r8","Product Image",1,[["Style","background-image","`url('${ $.product.image }')`"]],[],[["width","200px"],["height","200px"],["background-repeat","no-repeat"],["background-position","center"],["background-size","contain"]],{},"",[]],["_q6zujwy","Product Name",3,[],[],[["font-size","18px"],["font-weight","bolder"]],{},"${ $.product.name }",[]]]],["_co38vtx","Product Input",1,[],[],[["display","flex"],["flex-flow","column nowrap"],["align-items","left"]],{},"",[["_whd87e6","Date Input",5,[["Input","value","$.product.expirationDate"]],[],[["padding","6px 12px"],["border-radius","8px"],["border","1px solid var(--main-color)"],["outline","none"]],{"type":"date","placeholder":"Expiration Date"},"",[]],["_ooregsf","Price Container",3,[],[],[["display","flex"],["flex-flow","row nowrap"],["align-items","center"],["color","var(--main-color)"],["gap","10px"]],{},"",[["_cxpknk6","Price Input",5,[["Input","valueAsNumber","$.product.price"]],[],[["width","80%"],["padding","6px 12px"],["border-radius","8px"],["border","1px solid var(--main-color)"],["outline","none"]],{"type":"number","placeholder":"Price"},"",[]],["_lh29vy4","Currency Text",3,[],[],[["margin","0px"]],{},"лв.",[]]]]]],["_x2inwi9","Buttons",1,[],[],[["display","flex"],["flex-flow","row nowrap"],["align-items","center"],["gap","10px"]],{},"",[["_a0h3df4","Add Button",1,[["Event","click","Add"]],[],[["display","flex"],["align-items","center"],["gap","20px"],["flex-direction","row nowrap"],["padding","10px 20px"],["background-color","#41a858"],["border-radius","8px"],["color","white"],["font-weight","normal"],["font-stretch","normal"],["font-style","normal"],["line-height","normal"],["letter-spacing","normal"],["text-align","left"],["margin","8px"],["cursor","pointer"]],{},"",[["_hauqiyt","Used Icon",4,[],[],[["width","16px"],["height","16px"]],{"asset":"Icon Use"},"",[]],["_wawbcyv","Add Text",3,[],[],[["margin","0px"]],{},"Add",[]]]],["_jh8ntql","Cancel Button",1,[["Event","click","Close"]],[],[["display","flex"],["align-items","center"],["gap","20px"],["flex-direction","row nowrap"],["padding","10px 15px"],["background-color","#ffffff"],["border-radius","8px"],["color","#eb574c"],["font-weight","normal"],["font-stretch","normal"],["font-style","normal"],["line-height","normal"],["letter-spacing","normal"],["text-align","left"],["margin","8px"],["border","1px solid #eb574c"],["cursor","pointer"]],{},"",[["_wggfqpt","Delete Icon",4,[],[],[["width","16px"],["height","16px"]],{"asset":"Icon Delete"},"",[]],["_8dd260r","Cancel Text",3,[],[],[["margin","0px"]],{},"Close",[]]]]]]]]]