[[["_em1un6b","Input",[["width","100%"],["padding","12px 14px"],["border-radius","8px"],["border","1px solid var(--main-color)"],["outline","none"]]]],[],[],[["_0njzwog","Register",[],"if ($.loading) return;\n\n$.loading = true;\n\nsetTimeout(() => {\n  $.loading = false;\n  if ($.accounts.some(acc => acc.username === $.formData.username || acc.email === $.formData.email)) return;\n  $.accounts.push({ ...$.formData });\n  $.currentAccount = $.formData.username;\n  $.goto('/products');\n}, 1000);"],["_46it16s","Sign In",[],"$.goto('/login');"]],[["_09q6dce","Loading",[2],false],["_x45omv2","Form Data",[8,"Account"],{"username":"","email":"","password":""}]],["_lh918nw","Register Page",0,[],["Color Theme"],[["display","flex"],["flex-flow","column nowrap"],["align-items","center"],["justify-content","space-around"]],{"width":412,"height":915,"background":"None"},"",[["_5mfeeos","Logo Group",1,[],[],[["display","flex"],["flex-flow","column nowrap"],["align-items","center"]],{},"",[["_acmlkeo","Logo",4,[],[],[],{"asset":"Foody Logo"},"",[]],["_hl8frzu","Logo Text",3,[],[],[["color","var(--accent-color)"]],{},"Create your account",[]]]],["_d54da88","Form Container",1,[],[],[["display","flex"],["flex-flow","column nowrap"],["align-items","center"]],{},"",[["_02mvokr","Form Fields",1,[],[],[["width","100%"],["display","flex"],["flex-flow","column nowrap"],["align-items","center"],["gap","8px"]],{},"",[["_orra2c8","Username Input",5,[["Input","value","$.formData.username"]],["Input"],[],{"type":"text","placeholder":"Username"},"",[]],["_9q4k0gg","Email Input",5,[["Input","value","$.formData.email"]],["Input"],[],{"type":"email","placeholder":"Email"},"",[]],["_bqkh48y","Password Input",5,[["Input","value","$.formData.password"]],["Input"],[],{"type":"password","placeholder":"Password"},"",[]]]],["_n2i1v0z","Form Redirection",1,[],[],[["display","flex"],["flex-flow","row nowrap"],["align-items","center"],["gap","5px"]],{},"",[["_fsnu54g","Redirect Text",3,[],[],[["color","var(--main-color)"],["font-size","12px"]],{},"Already have an account?",[]],["_lp4d4uf","Redirect",3,[["Event","click","Sign In"]],[],[["color","var(--accent-color)"],["font-size","12px"]],{},"Sign In",[]]]]]],["_wwt8rrz","Register Button",3,[["Event","click","Register"]],[],[["background-color","var(--main-color)"],["color","var(--accent-color)"],["border-radius","5px"],["text-decoration","none"],["padding","10px 50px"],["cursor","pointer"]],{},"${ $.loading ? '...' : 'Sign Up' }",[]]]]]