[[],[],[],[["_hfbk2dk","Go To Products",[],"$.goto('/products');"],["_98tcxt8","Scan",[],"$.goto('/scan');"],["_5ugzbsc","Days Since",["product"],"return Math.ceil((Date.now() - product.removedDate) / (1000 * 3600 * 24));"]],[],["_il6bh0g","History Page",0,[],["Color Theme"],[["display","flex"],["flex-flow","column nowrap"],["gap","28px"],["background-color","var(--background-color)"],["padding","28px 28px 90px 28px"]],{"width":412,"height":915,"background":"None"},"",[["_xugjpvp","Navigation",1,[],[],[["position","absolute"],["bottom","0px"],["left","0px"],["width","100%"],["height","70px"],["border-top","1px solid gray"],["display","flex"],["flex-flow","row nowrap"],["justify-content","space-around"],["align-items","center"],["background-color","white"]],{},"",[["_fdnbqec","Products Icon",4,[["Event","click","Go To Products"]],[],[["display","block"],["width","50px"],["height","50px"],["cursor","pointer"]],{"asset":"Icon Products"},"",[]],["_w1nmpo3","Scan Button Container",1,[["Event","click","Scan"]],[],[["position","relative"],["bottom","25px"],["width","70px"],["height","70px"],["display","grid"],["place-items","center"],["border-radius","50%"],["background-color","#346559"],["cursor","pointer"]],{},"",[["_9b4noxy","Scan Icon",4,[],[],[["display","block"],["width","40px"],["height","40px"]],{"asset":"Icon Scan"},"",[]]]],["_pgh6ezp","History Icon",4,[],[],[["display","block"],["width","50px"],["height","50px"],["cursor","pointer"]],{"asset":"Icon History"},"",[]]]],["_690r78j","History Title",3,[],[],[["font-size","20px"],["color","var(--main-color)"],["font-weight","600"],["margin","0px"]],{},"History",[]],["_a32t699","History List",1,[],[],[["display","flex"],["flex-flow","column nowrap"],["gap","16px"]],{},"",[["_lus4xlh","Each",7,[],[],[],{"previewCount":1,"item":"product","array":"$.history"},"",[["_zdomhza","History Item",1,[],[],[["background-color","white"],["border-radius","5px"],["box-shadow","0 0 8px 0 rgba(0, 0, 0, 0.07)"],["padding","5px 20px"],["display","flex"],["flex-direction","row"],["min-height","88px"],["justify-content","space-between"],["align-items","center"]],{},"",[["_z6uu7lj","Product Info",1,[],[],[["display","flex"],["flex-flow","row nowrap"],["align-items","center"],["gap","10px"]],{},"",[["_aszg4zn","Image",1,[["Style","background-image","`url('${ $.product.image }')`"]],[],[["width","57px"],["height","56px"],["background-repeat","no-repeat"],["background-size","contain"],["background-position","center"]],{},"",[]],["_rncrcww","Product Title",1,[],[],[["flex-direction","column"],["text-overflow","ellipsis"]],{},"",[["_9nhn254","Title",1,[],[],[["color","var(--main-color)"],["font-weight","600"],["font-stretch","normal"],["font-style","normal"],["line-height","normal"],["letter-spacing","normal"],["text-align","left"],["text-overflow","ellipsis"]],{},"${ $.product.name }",[]],["_stcgjnz","Price",1,[],[],[["color","#9f9f9f"],["font-weight","600"],["font-size","11px"],["font-weight","normal"],["font-stretch","normal"],["font-style","normal"],["line-height","normal"],["letter-spacing","normal"],["text-align","left"],["padding-top","2px"]],{},"${ $.product.price } лв.",[]]]]]],["_0dtroza","Date Container",1,[],[],[["display","flex"],["flex-flow","column nowrap"],["align-items","right"],["text-align","right"]],{},"",[["_58sgf9u","Status Text",1,[["Style","color","$.product.status === 'used' ? '#41a858' : '#eb574c'"]],[],[["margin","0px"]],{},"${ $.product.status === 'used' ? 'Used' : 'Thrown' }",[]],["_9sbz4lo","Date Text",3,[["Style","color","$.product.status === 'used' ? '#41a858' : '#eb574c'"]],[],[["font-size","12px"],["font-weight","bold"],["font-stretch","normal"],["font-style","normal"],["line-height","normal"],["letter-spacing","normal"],["text-align","left"],["margin","0px"]],{},"${ $.daysSince($.product) } days ago",[]]]]]]]]]]]]]