[[["_5s7d5wm","Input",[["width","100%"],["padding","12px 14px"],["border-radius","8px"],["border","1px solid var(--main-color)"],["outline","none"]]]],[],[],[["_e6oobab","Redirect",[],"$.goto('/register');"],["_9xa3an6","Login",[],"if ($.loading) return;\n\n$.loading = true;\n\nsetTimeout(() => {\n  $.loading = false;\n  const account = $.accounts.find(acc => acc.email === $.formData.email && acc.password === $.formData.password);\n  if (account == null) return;\n  $.currentAccount = account.username;\n  $.goto('/products');\n}, 1000);"]],[["_a57ngxi","Form Data",[6,[["Email",[0]],["Password",[0]]]],{"email":"","password":""}],["_1g2zbmh","Loading",[2],false]],["_pun4w0u","Login Page",0,[],["Color Theme"],[["display","flex"],["flex-flow","column nowrap"],["align-items","center"],["justify-content","space-around"]],{"width":412,"height":915,"background":"None"},"",[["_i4bzjtv","Logo Group",1,[],[],[["display","flex"],["flex-flow","column nowrap"],["align-items","center"]],{},"",[["_qvaevci","Logo",4,[],[],[],{"asset":"Foody Logo"},"",[]],["_k8brahx","Logo Text",3,[],[],[["color","var(--accent-color)"]],{},"Welcome back",[]]]],["_uh41x5k","Form Container",1,[],[],[["display","flex"],["flex-flow","column nowrap"],["align-items","center"]],{},"",[["_1wb3ozn","Form Fields",1,[],[],[["width","100%"],["display","flex"],["flex-flow","column nowrap"],["align-items","center"],["gap","8px"]],{},"",[["_95khsya","Email Input",5,[["Input","value","$.formData.email"]],["Input"],[],{"type":"email","placeholder":"Email"},"",[]],["_u9d3gik","Password Input",5,[["Input","value","$.formData.password"]],["Input"],[],{"type":"password","placeholder":"Password"},"",[]]]],["_no6qr07","Form Redirection",1,[],[],[["display","flex"],["flex-flow","row nowrap"],["align-items","center"],["gap","5px"]],{},"",[["_szg3rnu","Redirection Text",3,[],[],[["color","var(--main-color)"],["font-size","12px"]],{},"Don't have an account?",[]],["_fgr3bai","Redirect Button",3,[["Event","click","Redirect"]],[],[["color","var(--accent-color)"],["font-size","12px"]],{},"Sign Up",[]]]]]],["_atgx5tt","Login Button",3,[["Event","click","Login"]],[],[["background-color","var(--main-color)"],["color","var(--accent-color)"],["border-radius","5px"],["text-decoration","none"],["padding","10px 50px"],["cursor","pointer"]],{},"${ $.loading ? '...' : 'Sign In' }",[]]]]]